{
  "formatVersion": 1,
  "database": {
    "version": 1,
    "identityHash": "16d9dd5bfae801d1d04ccf52019c4bb9",
    "entities": [
      {
        "tableName": "Tarefa",
        "createSql": "CREATE TABLE IF NOT EXISTS `${TABLE_NAME}` (`id` INTEGER PRIMARY KEY AUTOINCREMENT NOT NULL, `descricao` TEXT NOT NULL, `horario` TEXT NOT NULL, `concluida` INTEGER NOT NULL)",
        "fields": [
          {
            "fieldPath": "id",
            "columnName": "id",
            "affinity": "INTEGER",
            "notNull": true
          },
          {
            "fieldPath": "descricao",
            "columnName": "descricao",
            "affinity": "TEXT",
            "notNull": true
          },
          {
            "fieldPath": "horario",
            "columnName": "horario",
            "affinity": "TEXT",
            "notNull": true
          },
          {
            "fieldPath": "concluida",
            "columnName": "concluida",
            "affinity": "INTEGER",
            "notNull": true
          }
        ],
        "primaryKey": {
          "autoGenerate": true,
          "columnNames": [
            "id"
          ]
        },
        "indices": [],
        "foreignKeys": []
      }
    ],
    "views": [],
    "setupQueries": [
      "CREATE TABLE IF NOT EXISTS room_master_table (id INTEGER PRIMARY KEY,identity_hash TEXT)",
      "INSERT OR REPLACE INTO room_master_table (id,identity_hash) VALUES(42, '16d9dd5bfae801d1d04ccf52019c4bb9')"
    ]
  }
}